find,replace
Gregory Bird,Greg Bird
Rickie Weeks Jr.,Rickie Weeks
Travis d'Arnaud,Travis dArnaud
KikĂÂŠ Hernandez,Enrique Hernandez
John Ryan Murphy,JR Murphy
Melvin Upton Jr.,B.J. Upton
Nori Aoki,Norichika Aoki
Phil Gosselin,Philip Gosselin
Jon Niese,Jonathon Niese